[
  {
    "id": "0.9270524146305628",
    "title": "iphone 14",
    "imgURL": "https://media-ik.croma.com/prod/https://media.croma.com/image/upload/v1708674029/Croma%20Assets/Communication/Mobiles/Images/300665_0_vveh9a.png?tr=w-360",
    "description": "now more",
    "price": "55000"
  },
  {
    "id": "0.653417457446644",
    "title": "",
    "imgURL": "https://gadgetmeasure.com/wp-content/uploads/2019/04/Best-Curved-Monitor-In-India-2-928x1024.jpg",
    "description": "curved monitor",
    "price": "50000"
  },
  {
    "id": "873731",
    "title": "asdas",
    "imgURL": "https://www.google.com/imgres?q=iphone%2015%20black&imgurl=https%3A%2F%2Fmedia.croma.com%2Fimage%2Fupload%2Fv1708673194%2FCroma%2520Assets%2FCommunication%2FMobiles%2FImages%2F300652_5_lgpprx.png&imgrefurl=https%3A%2F%2Fwww.croma.com%2Fapple-iphone-15-128gb-black-%2Fp%2F300652&docid=Ivi8GcgyRLETYM&tbnid=QflA1IxInAwQaM&vet=12ahUKEwjVz7jk6IKGAxVARmwGHce6DnAQM3oECD8QAA..i&w=1600&h=1600&hcb=2&itg=1&ved=2ahUKEwjVz7jk6IKGAxVARmwGHce6DnAQM3oECD8QAA",
    "description": "cas",
    "price": "235"
  }
]
